BEGIN TRANSACTION;

INSERT OR REPLACE INTO station_component (station_id, component_id) VALUES
  (1, 1),
  (2, 1),
  (3, 1),
  (4, 1),
  (5, 1),
  (6, 1),
  (7, 1),
  (8, 1),
  (9, 1),
  (10, 1),
  (11, 1),
  (12, 1),
  (13, 1),
  (14, 1),
  (15, 1),
  (16, 1),
  (17, 1),
  (18, 1),
  (19, 1),
  (20, 1),
  (21, 1),
  (22, 1),
  (23, 1),
  (24, 1),
  (25, 1);

DELETE FROM ticket_info WHERE train_id IN (
  'G2001','G2002','D2003','D2004','K2005','K2006',
  'Z2007','Z2008','C2009','C2010','T2011','T2012'
);
DELETE FROM route_section WHERE train_id IN (
  'G2001','G2002','D2003','D2004','K2005','K2006',
  'Z2007','Z2008','C2009','C2010','T2011','T2012'
);
DELETE FROM train_scheduler WHERE train_id IN (
  'G2001','G2002','D2003','D2004','K2005','K2006',
  'Z2007','Z2008','C2009','C2010','T2011','T2012'
);

INSERT INTO train_scheduler (train_id, seat_num, start_time, passing_num, stations, duration, price) VALUES
  ('G2001', 920, '07:00', 4, '1,12,16,15', '35,90,65', '80,180,120'),
  ('G2002', 920, '14:00', 4, '15,16,12,1', '65,90,35', '120,180,80'),
  ('D2003', 780, '08:20', 4, '2,7,5,22', '25,40,80', '45,65,110'),
  ('D2004', 780, '18:10', 4, '22,5,7,2', '80,40,25', '110,65,45'),
  ('K2005', 560, '09:15', 5, '3,24,25,4,17', '30,25,35,120', '20,18,22,160'),
  ('K2006', 560, '16:00', 5, '17,4,25,24,3', '120,35,25,30', '160,22,18,20'),
  ('Z2007', 460, '10:00', 4, '8,14,11,9', '120,150,240', '140,220,310'),
  ('Z2008', 460, '12:30', 4, '9,11,14,8', '240,150,120', '310,220,140'),
  ('C2009', 840, '06:50', 4, '20,21,6,5', '55,90,70', '60,110,95'),
  ('C2010', 840, '17:20', 4, '5,6,21,20', '70,90,55', '95,110,60'),
  ('T2011', 600, '11:40', 5, '18,17,13,8,10', '55,150,160,95', '58,190,210,125'),
  ('T2012', 600, '13:30', 5, '10,8,13,17,18', '95,160,150,55', '125,210,190,58');

INSERT INTO route_section (train_id, departure_id, arrival_id, price, duration) VALUES
  ('G2001', 1, 12, 80, 35),
  ('G2001', 12, 16, 180, 90),
  ('G2001', 16, 15, 120, 65),
  ('G2002', 15, 16, 120, 65),
  ('G2002', 16, 12, 180, 90),
  ('G2002', 12, 1, 80, 35),
  ('D2003', 2, 7, 45, 25),
  ('D2003', 7, 5, 65, 40),
  ('D2003', 5, 22, 110, 80),
  ('D2004', 22, 5, 110, 80),
  ('D2004', 5, 7, 65, 40),
  ('D2004', 7, 2, 45, 25),
  ('K2005', 3, 24, 20, 30),
  ('K2005', 24, 25, 18, 25),
  ('K2005', 25, 4, 22, 35),
  ('K2005', 4, 17, 160, 120),
  ('K2006', 17, 4, 160, 120),
  ('K2006', 4, 25, 22, 35),
  ('K2006', 25, 24, 18, 25),
  ('K2006', 24, 3, 20, 30),
  ('Z2007', 8, 14, 140, 120),
  ('Z2007', 14, 11, 220, 150),
  ('Z2007', 11, 9, 310, 240),
  ('Z2008', 9, 11, 310, 240),
  ('Z2008', 11, 14, 220, 150),
  ('Z2008', 14, 8, 140, 120),
  ('C2009', 20, 21, 60, 55),
  ('C2009', 21, 6, 110, 90),
  ('C2009', 6, 5, 95, 70),
  ('C2010', 5, 6, 95, 70),
  ('C2010', 6, 21, 110, 90),
  ('C2010', 21, 20, 60, 55),
  ('T2011', 18, 17, 58, 55),
  ('T2011', 17, 13, 190, 150),
  ('T2011', 13, 8, 210, 160),
  ('T2011', 8, 10, 125, 95),
  ('T2012', 10, 8, 125, 95),
  ('T2012', 8, 13, 210, 160),
  ('T2012', 13, 17, 190, 150),
  ('T2012', 17, 18, 58, 55);

INSERT INTO ticket_info (train_id, departure_time, departure_station, arrival_station, seat_num, price, duration) VALUES
  ('G2001','07:00_06-01',1,12,920,80,35),
  ('G2001','07:35_06-01',12,16,920,180,90),
  ('G2001','09:05_06-01',16,15,920,120,65),
  ('G2001','07:00_06-02',1,12,920,80,35),
  ('G2001','07:35_06-02',12,16,920,180,90),
  ('G2001','09:05_06-02',16,15,920,120,65),
  ('G2001','07:00_06-03',1,12,920,80,35),
  ('G2001','07:35_06-03',12,16,920,180,90),
  ('G2001','09:05_06-03',16,15,920,120,65),
  ('G2002','14:00_06-01',15,16,920,120,65),
  ('G2002','15:05_06-01',16,12,920,180,90),
  ('G2002','16:35_06-01',12,1,920,80,35),
  ('G2002','14:00_06-02',15,16,920,120,65),
  ('G2002','15:05_06-02',16,12,920,180,90),
  ('G2002','16:35_06-02',12,1,920,80,35),
  ('G2002','14:00_06-03',15,16,920,120,65),
  ('G2002','15:05_06-03',16,12,920,180,90),
  ('G2002','16:35_06-03',12,1,920,80,35),
  ('D2003','08:20_06-01',2,7,780,45,25),
  ('D2003','08:45_06-01',7,5,780,65,40),
  ('D2003','09:25_06-01',5,22,780,110,80),
  ('D2003','08:20_06-02',2,7,780,45,25),
  ('D2003','08:45_06-02',7,5,780,65,40),
  ('D2003','09:25_06-02',5,22,780,110,80),
  ('D2003','08:20_06-03',2,7,780,45,25),
  ('D2003','08:45_06-03',7,5,780,65,40),
  ('D2003','09:25_06-03',5,22,780,110,80),
  ('D2004','18:10_06-01',22,5,780,110,80),
  ('D2004','19:30_06-01',5,7,780,65,40),
  ('D2004','20:10_06-01',7,2,780,45,25),
  ('D2004','18:10_06-02',22,5,780,110,80),
  ('D2004','19:30_06-02',5,7,780,65,40),
  ('D2004','20:10_06-02',7,2,780,45,25),
  ('D2004','18:10_06-03',22,5,780,110,80),
  ('D2004','19:30_06-03',5,7,780,65,40),
  ('D2004','20:10_06-03',7,2,780,45,25),
  ('K2005','09:15_06-01',3,24,560,20,30),
  ('K2005','09:45_06-01',24,25,560,18,25),
  ('K2005','10:10_06-01',25,4,560,22,35),
  ('K2005','10:45_06-01',4,17,560,160,120),
  ('K2005','09:15_06-02',3,24,560,20,30),
  ('K2005','09:45_06-02',24,25,560,18,25),
  ('K2005','10:10_06-02',25,4,560,22,35),
  ('K2005','10:45_06-02',4,17,560,160,120),
  ('K2005','09:15_06-03',3,24,560,20,30),
  ('K2005','09:45_06-03',24,25,560,18,25),
  ('K2005','10:10_06-03',25,4,560,22,35),
  ('K2005','10:45_06-03',4,17,560,160,120),
  ('K2006','16:00_06-01',17,4,560,160,120),
  ('K2006','18:00_06-01',4,25,560,22,35),
  ('K2006','18:35_06-01',25,24,560,18,25),
  ('K2006','19:00_06-01',24,3,560,20,30),
  ('K2006','16:00_06-02',17,4,560,160,120),
  ('K2006','18:00_06-02',4,25,560,22,35),
  ('K2006','18:35_06-02',25,24,560,18,25),
  ('K2006','19:00_06-02',24,3,560,20,30),
  ('K2006','16:00_06-03',17,4,560,160,120),
  ('K2006','18:00_06-03',4,25,560,22,35),
  ('K2006','18:35_06-03',25,24,560,18,25),
  ('K2006','19:00_06-03',24,3,560,20,30),
  ('Z2007','10:00_06-01',8,14,460,140,120),
  ('Z2007','12:00_06-01',14,11,460,220,150),
  ('Z2007','14:30_06-01',11,9,460,310,240),
  ('Z2007','10:00_06-02',8,14,460,140,120),
  ('Z2007','12:00_06-02',14,11,460,220,150),
  ('Z2007','14:30_06-02',11,9,460,310,240),
  ('Z2007','10:00_06-03',8,14,460,140,120),
  ('Z2007','12:00_06-03',14,11,460,220,150),
  ('Z2007','14:30_06-03',11,9,460,310,240),
  ('Z2008','12:30_06-01',9,11,460,310,240),
  ('Z2008','16:30_06-01',11,14,460,220,150),
  ('Z2008','19:00_06-01',14,8,460,140,120),
  ('Z2008','12:30_06-02',9,11,460,310,240),
  ('Z2008','16:30_06-02',11,14,460,220,150),
  ('Z2008','19:00_06-02',14,8,460,140,120),
  ('Z2008','12:30_06-03',9,11,460,310,240),
  ('Z2008','16:30_06-03',11,14,460,220,150),
  ('Z2008','19:00_06-03',14,8,460,140,120),
  ('C2009','06:50_06-01',20,21,840,60,55),
  ('C2009','07:45_06-01',21,6,840,110,90),
  ('C2009','09:15_06-01',6,5,840,95,70),
  ('C2009','06:50_06-02',20,21,840,60,55),
  ('C2009','07:45_06-02',21,6,840,110,90),
  ('C2009','09:15_06-02',6,5,840,95,70),
  ('C2009','06:50_06-03',20,21,840,60,55),
  ('C2009','07:45_06-03',21,6,840,110,90),
  ('C2009','09:15_06-03',6,5,840,95,70),
  ('C2010','17:20_06-01',5,6,840,95,70),
  ('C2010','18:30_06-01',6,21,840,110,90),
  ('C2010','20:00_06-01',21,20,840,60,55),
  ('C2010','17:20_06-02',5,6,840,95,70),
  ('C2010','18:30_06-02',6,21,840,110,90),
  ('C2010','20:00_06-02',21,20,840,60,55),
  ('C2010','17:20_06-03',5,6,840,95,70),
  ('C2010','18:30_06-03',6,21,840,110,90),
  ('C2010','20:00_06-03',21,20,840,60,55),
  ('T2011','11:40_06-01',18,17,600,58,55),
  ('T2011','12:35_06-01',17,13,600,190,150),
  ('T2011','15:05_06-01',13,8,600,210,160),
  ('T2011','17:45_06-01',8,10,600,125,95),
  ('T2011','11:40_06-02',18,17,600,58,55),
  ('T2011','12:35_06-02',17,13,600,190,150),
  ('T2011','15:05_06-02',13,8,600,210,160),
  ('T2011','17:45_06-02',8,10,600,125,95),
  ('T2011','11:40_06-03',18,17,600,58,55),
  ('T2011','12:35_06-03',17,13,600,190,150),
  ('T2011','15:05_06-03',13,8,600,210,160),
  ('T2011','17:45_06-03',8,10,600,125,95),
  ('T2012','13:30_06-01',10,8,600,125,95),
  ('T2012','15:05_06-01',8,13,600,210,160),
  ('T2012','17:45_06-01',13,17,600,190,150),
  ('T2012','20:15_06-01',17,18,600,58,55),
  ('T2012','13:30_06-02',10,8,600,125,95),
  ('T2012','15:05_06-02',8,13,600,210,160),
  ('T2012','17:45_06-02',13,17,600,190,150),
  ('T2012','20:15_06-02',17,18,600,58,55),
  ('T2012','13:30_06-03',10,8,600,125,95),
  ('T2012','15:05_06-03',8,13,600,210,160),
  ('T2012','17:45_06-03',13,17,600,190,150),
  ('T2012','20:15_06-03',17,18,600,58,55);

COMMIT;
