BEGIN TRANSACTION;

INSERT OR REPLACE INTO station_component (station_id, component_id) VALUES
  (1, 1),
  (2, 1),
  (3, 1);

INSERT INTO train_scheduler (train_id, seat_num, start_time, passing_num, stations, duration, price) VALUES
  ('D1002', 620, '06:20', 2, '1,2', '145', '280'),
  ('D1003', 680, '06:45', 2, '2,1', '150', '285'),
  ('D1004', 720, '07:10', 2, '2,3', '460', '860'),
  ('D1005', 760, '07:35', 2, '3,2', '455', '850'),
  ('D1006', 640, '08:05', 2, '1,3', '610', '1080'),
  ('D1007', 640, '08:40', 2, '3,1', '605', '1070'),
  ('G1008', 980, '09:00', 3, '1,2,3', '145,455', '280,850'),
  ('G1009', 980, '09:30', 3, '3,2,1', '455,150', '850,285'),
  ('K1010', 540, '10:05', 3, '1,2,3', '165,485', '240,780'),
  ('K1011', 540, '10:40', 3, '3,2,1', '480,170', '775,245'),
  ('Z1012', 420, '11:15', 2, '1,2', '138', '320'),
  ('Z1013', 420, '11:50', 2, '2,1', '140', '320'),
  ('T1014', 500, '12:25', 2, '2,3', '430', '920'),
  ('T1015', 500, '13:00', 2, '3,2', '425', '915'),
  ('C1016', 860, '13:40', 2, '1,3', '575', '1180'),
  ('C1017', 860, '14:20', 2, '3,1', '570', '1170'),
  ('G1018', 1020, '15:00', 3, '1,2,3', '135,440', '330,900'),
  ('G1019', 1020, '15:30', 3, '3,2,1', '438,138', '900,330'),
  ('D1020', 700, '16:10', 2, '1,2', '155', '260'),
  ('D1021', 700, '16:45', 2, '2,3', '470', '820');

INSERT INTO route_section (train_id, departure_id, arrival_id, price, duration) VALUES
  ('D1002', 1, 2, 280, 145),
  ('D1003', 2, 1, 285, 150),
  ('D1004', 2, 3, 860, 460),
  ('D1005', 3, 2, 850, 455),
  ('D1006', 1, 3, 1080, 610),
  ('D1007', 3, 1, 1070, 605),
  ('G1008', 1, 2, 280, 145),
  ('G1008', 2, 3, 850, 455),
  ('G1009', 3, 2, 850, 455),
  ('G1009', 2, 1, 285, 150),
  ('K1010', 1, 2, 240, 165),
  ('K1010', 2, 3, 780, 485),
  ('K1011', 3, 2, 775, 480),
  ('K1011', 2, 1, 245, 170),
  ('Z1012', 1, 2, 320, 138),
  ('Z1013', 2, 1, 320, 140),
  ('T1014', 2, 3, 920, 430),
  ('T1015', 3, 2, 915, 425),
  ('C1016', 1, 3, 1180, 575),
  ('C1017', 3, 1, 1170, 570),
  ('G1018', 1, 2, 330, 135),
  ('G1018', 2, 3, 900, 440),
  ('G1019', 3, 2, 900, 438),
  ('G1019', 2, 1, 330, 138),
  ('D1020', 1, 2, 260, 155),
  ('D1021', 2, 3, 820, 470);

COMMIT;
